{
    "accuracy": 0.7317073170731707,
    "balanced_accuracy": 0.5788671599718112,
    "precision": 0.7226276682602667,
    "recall": 0.7317073170731707,
    "f1": 0.7188952595892505,
    "mcc": 0.7037640158430917,
    "roc_auc": 0.9465457517049455,
    "class_metrics": {
        "autonomic_ganglia": {
            "precision": 1.0,
            "recall": 1.0,
            "f1": 1.0
        },
        "biliary_tract": {
            "precision": 0.0,
            "recall": 0.0,
            "f1": 0.0
        },
        "bone": {
            "precision": 0.5,
            "recall": 0.5714285714285714,
            "f1": 0.5333333333333333
        },
        "breast": {
            "precision": 0.7857142857142857,
            "recall": 0.7857142857142857,
            "f1": 0.7857142857142857
        },
        "central_nervous_system": {
            "precision": 0.7368421052631579,
            "recall": 0.875,
            "f1": 0.8
        },
        "endometrium": {
            "precision": 0.5555555555555556,
            "recall": 0.7142857142857143,
            "f1": 0.625
        },
        "haematopoietic_and_lymphoid_tissue": {
            "precision": 0.9767441860465116,
            "recall": 0.9767441860465116,
            "f1": 0.9767441860465116
        },
        "kidney": {
            "precision": 1.0,
            "recall": 0.75,
            "f1": 0.8571428571428571
        },
        "large_intestine": {
            "precision": 0.7058823529411765,
            "recall": 0.8,
            "f1": 0.75
        },
        "liver": {
            "precision": 0.7142857142857143,
            "recall": 0.8333333333333334,
            "f1": 0.7692307692307693
        },
        "lung": {
            "precision": 0.6607142857142857,
            "recall": 0.8222222222222222,
            "f1": 0.7326732673267327
        },
        "oesophagus": {
            "precision": 0.5,
            "recall": 0.3333333333333333,
            "f1": 0.4
        },
        "ovary": {
            "precision": 0.5714285714285714,
            "recall": 0.3333333333333333,
            "f1": 0.42105263157894735
        },
        "pancreas": {
            "precision": 0.6363636363636364,
            "recall": 0.7,
            "f1": 0.6666666666666666
        },
        "pleura": {
            "precision": 0.3333333333333333,
            "recall": 0.3333333333333333,
            "f1": 0.3333333333333333
        },
        "prostate": {
            "precision": 0.0,
            "recall": 0.0,
            "f1": 0.0
        },
        "skin": {
            "precision": 0.9230769230769231,
            "recall": 0.8571428571428571,
            "f1": 0.8888888888888888
        },
        "soft_tissue": {
            "precision": 0.3333333333333333,
            "recall": 0.2,
            "f1": 0.25
        },
        "stomach": {
            "precision": 0.4444444444444444,
            "recall": 0.4444444444444444,
            "f1": 0.4444444444444444
        },
        "thyroid": {
            "precision": 1.0,
            "recall": 0.3333333333333333,
            "f1": 0.5
        },
        "upper_aerodigestive_tract": {
            "precision": 0.5714285714285714,
            "recall": 0.5,
            "f1": 0.5333333333333333
        },
        "urinary_tract": {
            "precision": 0.8,
            "recall": 0.5714285714285714,
            "f1": 0.6666666666666666
        }
    },
    "confusion_matrix": [
        [
            4,
            0,
            0,
            0,
            0,
            0,
            0,
            0,
            0,
            0,
            0,
            0,
            0,
            0,
            0,
            0,
            0,
            0,
            0,
            0,
            0,
            0
        ],
        [
            0,
            0,
            0,
            1,
            0,
            0,
            0,
            0,
            0,
            0,
            0,
            0,
            0,
            1,
            0,
            0,
            0,
            0,
            0,
            0,
            0,
            0
        ],
        [
            0,
            0,
            4,
            0,
            1,
            0,
            0,
            0,
            1,
            1,
            0,
            0,
            0,
            0,
            0,
            0,
            0,
            0,
            0,
            0,
            0,
            0
        ],
        [
            0,
            0,
            1,
            11,
            0,
            0,
            0,
            0,
            0,
            0,
            2,
            0,
            0,
            0,
            0,
            0,
            0,
            0,
            0,
            0,
            0,
            0
        ],
        [
            0,
            0,
            2,
            0,
            14,
            0,
            0,
            0,
            0,
            0,
            0,
            0,
            0,
            0,
            0,
            0,
            0,
            0,
            0,
            0,
            0,
            0
        ],
        [
            0,
            0,
            0,
            0,
            1,
            5,
            0,
            0,
            0,
            0,
            0,
            0,
            1,
            0,
            0,
            0,
            0,
            0,
            0,
            0,
            0,
            0
        ],
        [
            0,
            0,
            0,
            0,
            0,
            0,
            42,
            0,
            0,
            0,
            0,
            0,
            0,
            0,
            0,
            0,
            1,
            0,
            0,
            0,
            0,
            0
        ],
        [
            0,
            0,
            0,
            1,
            0,
            0,
            0,
            6,
            0,
            0,
            1,
            0,
            0,
            0,
            0,
            0,
            0,
            0,
            0,
            0,
            0,
            0
        ],
        [
            0,
            0,
            0,
            0,
            0,
            0,
            0,
            0,
            12,
            0,
            0,
            0,
            0,
            0,
            0,
            0,
            0,
            0,
            3,
            0,
            0,
            0
        ],
        [
            0,
            0,
            0,
            0,
            0,
            0,
            0,
            0,
            1,
            5,
            0,
            0,
            0,
            0,
            0,
            0,
            0,
            0,
            0,
            0,
            0,
            0
        ],
        [
            0,
            0,
            1,
            0,
            0,
            0,
            0,
            0,
            1,
            0,
            37,
            0,
            0,
            3,
            1,
            0,
            0,
            0,
            1,
            0,
            1,
            0
        ],
        [
            0,
            0,
            0,
            0,
            0,
            0,
            0,
            0,
            0,
            0,
            3,
            2,
            0,
            0,
            0,
            0,
            0,
            0,
            0,
            0,
            1,
            0
        ],
        [
            0,
            0,
            0,
            0,
            1,
            4,
            0,
            0,
            0,
            0,
            1,
            0,
            4,
            0,
            0,
            0,
            0,
            1,
            1,
            0,
            0,
            0
        ],
